ClassId,Path
1,1/1_1.jpg
1,1/1_2.jpg
1,1/1_3.jpg
1,1/1_4.jpg
1,1/1_5.jpg
1,1/1_6.jpg
1,1/1_7.jpg
1,1/1_8.jpg
1,1/1_9.jpg
1,1/1_10.jpg
1,1/1_11.jpg
1,1/1_12.jpg
1,1/1_13.jpg
1,1/1_14.jpg
1,1/1_15.jpg
2,2/2_1.jpg
2,2/2_2.jpg
2,2/2_3.jpg
2,2/2_4.jpg
2,2/2_5.jpg
2,2/2_6.jpg
2,2/2_7.jpg
2,2/2_8.jpg
2,2/2_9.jpg
2,2/2_10.jpg
2,2/2_11.jpg
2,2/2_12.jpg
2,2/2_13.jpg
2,2/2_14.jpg
2,2/2_15.jpg
3,3/3_1.jpg
3,3/3_2.jpg
3,3/3_3.jpg
3,3/3_4.jpg
3,3/3_5.jpg
3,3/3_6.jpg
3,3/3_7.jpg
3,3/3_8.jpg
3,3/3_9.jpg
3,3/3_10.jpg
3,3/3_11.jpg
3,3/3_12.jpg
3,3/3_13.jpg
3,3/3_14.jpg
3,3/3_15.jpg
4,4/4_1.jpg
4,4/4_2.jpg
4,4/4_3.jpg
4,4/4_4.jpg
4,4/4_5.jpg
4,4/4_6.jpg
4,4/4_7.jpg
4,4/4_8.jpg
4,4/4_9.jpg
4,4/4_10.jpg
4,4/4_11.jpg
4,4/4_12.jpg
4,4/4_13.jpg
4,4/4_14.jpg
4,4/4_15.jpg
1,1/1_16.jpg
1,1/1_17.jpg
1,1/1_18.jpg
1,1/1_19.jpg
1,1/1_20.jpg
1,1/1_21.jpg
1,1/1_22.jpg
1,1/1_23.jpg
1,1/1_24.jpg
1,1/1_25.jpg
1,1/1_26.jpg
1,1/1_27.jpg
1,1/1_28.jpg
1,1/1_29.jpg
1,1/1_30.jpg
1,1/1_31.jpg
1,1/1_32.jpg
1,1/1_33.jpg
1,1/1_34.jpg
1,1/1_35.jpg
1,1/1_36.jpg
1,1/1_37.jpg
1,1/1_38.jpg
1,1/1_39.jpg
1,1/1_40.jpg
1,1/1_41.jpg
1,1/1_42.jpg
1,1/1_43.jpg
1,1/1_44.jpg
1,1/1_45.jpg
1,1/1_46.jpg
1,1/1_47.jpg
1,1/1_48.jpg
2,2/2_16.jpg
2,2/2_17.jpg
2,2/2_18.jpg
2,2/2_19.jpg
2,2/2_20.jpg
2,2/2_21.jpg
2,2/2_22.jpg
2,2/2_23.jpg
2,2/2_24.jpg
2,2/2_25.jpg
2,2/2_26.jpg
2,2/2_27.jpg
2,2/2_28.jpg
2,2/2_29.jpg
2,2/2_30.jpg
2,2/2_31.jpg
2,2/2_32.jpg
2,2/2_33.jpg
2,2/2_34.jpg
2,2/2_35.jpg
2,2/2_36.jpg
2,2/2_37.jpg
2,2/2_38.jpg
2,2/2_39.jpg
2,2/2_40.jpg
2,2/2_41.jpg
2,2/2_42.jpg
2,2/2_43.jpg
2,2/2_44.jpg
2,2/2_45.jpg
2,2/2_46.jpg
2,2/2_47.jpg
2,2/2_48.jpg
2,2/2_49.jpg
3,3/3_16.jpg
3,3/3_17.jpg
3,3/3_18.jpg
3,3/3_19.jpg
3,3/3_20.jpg
3,3/3_21.jpg
3,3/3_22.jpg
3,3/3_23.jpg
3,3/3_24.jpg
3,3/3_25.jpg
3,3/3_26.jpg
3,3/3_27.jpg
3,3/3_28.jpg
3,3/3_29.jpg
3,3/3_30.jpg
3,3/3_31.jpg
3,3/3_32.jpg
3,3/3_33.jpg
3,3/3_34.jpg
3,3/3_35.jpg
3,3/3_36.jpg
3,3/3_37.jpg
3,3/3_38.jpg
3,3/3_39.jpg
3,3/3_40.jpg
3,3/3_41.jpg
3,3/3_42.jpg
3,3/3_43.jpg
3,3/3_44.jpg
3,3/3_45.jpg
3,3/3_46.jpg
3,3/3_47.jpg
3,3/3_48.jpg
3,3/3_49.jpg
3,3/3_50.jpg
3,3/3_51.jpg
3,3/3_52.jpg
3,3/3_53.jpg
3,3/3_54.jpg
3,3/3_55.jpg
3,3/3_56.jpg
3,3/3_57.jpg
3,3/3_58.jpg
3,3/3_59.jpg
3,3/3_60.jpg
3,3/3_61.jpg
3,3/3_62.jpg
3,3/3_63.jpg
3,3/3_64.jpg
3,3/3_65.jpg
3,3/3_66.jpg
4,4/4_16.jpg
4,4/4_17.jpg
4,4/4_18.jpg
4,4/4_19.jpg
4,4/4_20.jpg
4,4/4_21.jpg
4,4/4_22.jpg
4,4/4_23.jpg
4,4/4_24.jpg
4,4/4_25.jpg
4,4/4_26.jpg
4,4/4_27.jpg
4,4/4_28.jpg
4,4/4_29.jpg
4,4/4_30.jpg
4,4/4_31.jpg
4,4/4_32.jpg
4,4/4_33.jpg
4,4/4_34.jpg
4,4/4_35.jpg
4,4/4_36.jpg
4,4/4_37.jpg
4,4/4_38.jpg
4,4/4_39.jpg
4,4/4_40.jpg
4,4/4_41.jpg
4,4/4_42.jpg
4,4/4_43.jpg
4,4/4_44.jpg
4,4/4_45.jpg
